nationalId,examLevelCode,year,totalScore,averageScore,resultStatus
"5172541307482738","EXIT",2024,"82","82.0","PASS"
"3149518627583403","EXIT",2024,"75","75.0","PASS"
"8265128916413405","EXIT",2024,"42","42.0","FAIL"
"2168126739149570","EXIT",2024,"68","68.0","PASS"
"6217290314076843","EXIT",2024,"71","71.0","PASS"
"6372953016580687","EXIT",2024,"40","40.0","FAIL"
"5148236528056394","EXIT",2024,"89","89.0","PASS"
"5385761921529803","EXIT",2024,"65","65.0","PASS"
"6014897238136984","EXIT",2024,"62","62.0","PASS"
"3173581967985364","EXIT",2024,"85","85.0","PASS"
