nationalId,examLevelCode,year,totalScore,averageScore,resultStatus,institutionCode
"5172541307482738","GRADE_6",2024,"650","92.8","PASS","AMU"
"3149518627583403","GRADE_6",2024,"580","82.5","PASS","AMU"
"8265128916413405","GRADE_6",2024,"420","60.0","FAIL","AMU"
"2168126739149570","GRADE_6",2024,"590","84.3","PASS","AMU"
"6217290314076843","GRADE_6",2024,"610","87.1","PASS","AMU"
"6372953016580687","GRADE_6",2024,"380","54.2","FAIL","AMU"
"5148236528056394","GRADE_6",2024,"640","91.4","PASS","AMU"
"5385761921529803","GRADE_6",2024,"520","74.2","PASS","AMU"
"6014897238136984","GRADE_6",2024,"490","70.0","PASS","AMU"
"3173581967985364","GRADE_6",2024,"670","95.7","PASS","AMU"
