nationalId,degreeLevelCode,degreeTitleCode,collegeCode,departmentCode,cgpa,graduationDate
"5172541307482738","MASTER","MSC","COE","SE",3.85,"2026-08-15"
"3149518627583403","MASTER","MSC","COE","SE",3.40,"2026-08-15"
"8265128916413405","MASTER","MSC","COE","SE",3.92,"2026-08-15"
"2168126739149570","MASTER","MSC","COE","SE",2.80,"2026-08-15"
"6217290314076843","MASTER","MSC","COE","SE",3.50,"2026-08-15"
"6372953016580687","MASTER","MSC","COE","SE",3.20,"2026-08-15"
"5148236528056394","MASTER","MSC","COE","SE",3.95,"2026-08-15"
"5385761921529803","MASTER","MSC","COE","SE",3.60,"2026-08-15"
"6014897238136984","MASTER","MSC","COE","SE",3.75,"2026-08-15"
"3173581967985364","MASTER","MSC","COE","SE",3.10,"2026-08-15"
